{"cameraMode":{"drawMode":0,"name":"Shaded","section":"Shading Mode"},"sceneLighting":false,"audioPlay":false,"sceneViewState":{"showFog":true,"showMaterialUpdate":false,"showSkybox":false,"showFlares":true,"showImageEffects":true,"showParticleSystems":true},"in2DMode":false,"pivot":{"x":-0.5739465355873108,"y":-2.281161069869995,"z":-0.11484575271606446},"rotation":{"x":0.08716712146997452,"y":0.026889225468039514,"z":-0.0023562742862850429,"w":0.9958313703536987},"size":3.4997923374176027,"orthographic":false}